{"cameraMode":{"drawMode":0,"name":"Shaded","section":"Shading Mode"},"sceneLighting":false,"audioPlay":false,"sceneViewState":{"m_AlwaysRefresh":false,"showFog":true,"showSkybox":false,"showFlares":true,"showImageEffects":true,"showParticleSystems":true,"showVisualEffectGraphs":true,"m_FxEnabled":true},"in2DMode":false,"pivot":{"x":0.0026378631591796877,"y":0.8713536262512207,"z":-0.03932380676269531},"rotation":{"x":0.05900426208972931,"y":0.7639725804328919,"z":-0.6386800408363342,"w":0.07056904584169388},"size":2.2599070072174074,"orthographic":false}