{"cameraMode":{"drawMode":0,"name":"Shaded","section":"Shading Mode"},"sceneLighting":false,"audioPlay":false,"sceneViewState":{"m_AlwaysRefresh":false,"showFog":true,"showSkybox":false,"showFlares":true,"showImageEffects":true,"showParticleSystems":true,"showVisualEffectGraphs":true,"m_FxEnabled":true},"in2DMode":false,"pivot":{"x":-7.9046854972839359,"y":-0.07804659008979798,"z":-17.41619110107422},"rotation":{"x":0.0336681492626667,"y":-0.9646496176719666,"z":0.15350991487503053,"w":0.21164308488368989},"size":12.207741737365723,"orthographic":false}